route_id,region,avg_speed_limit,traffic_level,distance_km
R0001,CT,57,Medium,347
R0002,HP,36,Low,417
R0003,DN,61,Low,38
R0004,HP,40,Low,101
R0005,HP,39,Low,173
R0006,HN,38,High,173
R0007,DN,43,Low,155
R0008,DN,42,High,75
R0009,DN,54,Medium,7
R0010,HP,31,Medium,318
R0011,CT,64,Medium,36
R0012,DN,36,Medium,291
R0013,HP,50,Medium,86
R0014,HN,47,Low,47
R0015,CT,32,Low,395
R0016,HN,71,High,109
R0017,CT,68,High,5
R0018,HP,70,High,65
R0019,HCM,78,Medium,274
R0020,CT,40,Medium,184
R0021,HN,68,Medium,228
R0022,HP,53,Medium,10
R0023,CT,75,Low,107
R0024,HCM,48,Medium,14
R0025,HCM,33,Low,75
R0026,DN,55,Low,94
R0027,DN,67,High,230
R0028,HN,71,Low,162
R0029,CT,61,Low,232
R0030,CT,68,Low,409
R0031,DN,74,High,130
R0032,CT,75,Medium,448
R0033,CT,65,Medium,213
R0034,HCM,69,High,101
R0035,DN,66,High,78
R0036,HP,62,Low,119
R0037,DN,65,Medium,195
R0038,HP,32,Medium,499
R0039,HCM,38,Medium,174
R0040,HN,37,Low,311
R0041,CT,62,High,452
R0042,HCM,35,Medium,208
R0043,CT,70,Low,60
R0044,HN,68,Medium,212
R0045,HN,33,Low,45
R0046,HCM,42,Low,36
R0047,HN,78,Medium,19
R0048,HP,31,Low,66
R0049,HN,34,Medium,159
R0050,CT,73,Medium,288
R0051,CT,56,Low,213
R0052,CT,61,High,324
R0053,CT,50,Low,498
R0054,HP,37,Low,191
R0055,DN,67,Low,446
R0056,HCM,37,Low,134
R0057,CT,79,Low,131
R0058,HN,32,Medium,296
R0059,CT,73,High,118
R0060,HN,32,Low,203
R0061,HN,51,Medium,17
R0062,CT,35,Medium,275
R0063,HP,31,High,93
R0064,HN,52,Medium,219
R0065,HN,73,Low,448
R0066,CT,31,Low,282
R0067,HN,67,Medium,451
R0068,HN,46,High,478
R0069,CT,64,Low,485
R0070,CT,63,Low,207
R0071,HCM,52,High,78
R0072,HP,59,High,29
R0073,HP,37,High,105
R0074,HN,51,Medium,180
R0075,HP,73,Low,431
R0076,HN,65,Medium,121
R0077,HCM,34,Medium,170
R0078,CT,42,Low,45
R0079,CT,58,Medium,433
R0080,CT,60,Medium,348
R0081,HP,76,Low,428
R0082,HCM,45,Medium,370
R0083,HP,71,Medium,124
R0084,HP,59,High,101
R0085,HCM,45,Low,149
R0086,HCM,41,Low,220
R0087,HCM,46,Medium,233
R0088,HCM,45,Low,317
R0089,CT,41,Medium,134
R0090,DN,37,Medium,356
R0091,DN,49,Low,381
R0092,HCM,32,Medium,322
R0093,DN,45,Medium,476
R0094,DN,59,Low,141
R0095,HCM,74,High,328
R0096,DN,52,High,341
R0097,HP,57,Medium,277
R0098,HN,69,Medium,121
R0099,HN,34,Medium,310
R0100,HCM,49,High,372
R0101,CT,69,Medium,98
R0102,HCM,73,Medium,172
R0103,CT,30,High,446
R0104,HN,59,Low,207
R0105,HCM,50,High,345
R0106,HP,49,Low,153
R0107,DN,35,Low,406
R0108,CT,51,Low,187
R0109,DN,47,High,417
R0110,DN,37,High,156
R0111,HCM,68,Medium,78
R0112,DN,61,Medium,369
R0113,HP,62,Medium,405
R0114,DN,45,High,278
R0115,HCM,41,Medium,46
R0116,HP,67,Low,216
R0117,HN,63,Low,105
R0118,DN,43,Medium,49
R0119,HCM,65,Medium,86
R0120,HN,62,Low,21
R0121,HN,52,Low,77
R0122,CT,79,High,18
R0123,HP,74,Low,437
R0124,DN,31,Medium,161
R0125,HCM,70,High,227
R0126,CT,50,Medium,136
R0127,HP,31,Low,342
R0128,CT,56,Medium,408
R0129,HP,38,High,380
R0130,HP,30,Medium,380
R0131,DN,40,High,51
R0132,HP,32,Low,111
R0133,CT,52,Medium,112
R0134,HP,55,Medium,269
R0135,DN,33,High,209
R0136,DN,47,Low,83
R0137,CT,35,High,159
R0138,HN,64,Medium,275
R0139,HN,51,Low,480
R0140,HP,72,Low,489
R0141,HCM,44,High,251
R0142,HP,51,Low,23
R0143,CT,66,Low,350
R0144,CT,71,Low,440
R0145,CT,41,High,30
R0146,CT,76,Medium,221
R0147,CT,78,Medium,158
R0148,DN,71,Low,158
R0149,HN,67,Medium,178
R0150,CT,47,Medium,96
R0151,HCM,74,High,437
R0152,HCM,64,High,342
R0153,HCM,59,Low,484
R0154,HCM,53,Medium,185
R0155,DN,71,Low,135
R0156,HCM,59,Medium,454
R0157,CT,43,Low,485
R0158,HP,35,Low,302
R0159,HCM,32,Low,279
R0160,DN,45,Medium,277
R0161,DN,36,Low,496
R0162,HCM,43,Medium,421
R0163,HP,38,Medium,80
R0164,HCM,44,Low,181
R0165,DN,50,Medium,188
R0166,HN,64,Low,323
R0167,CT,31,Medium,135
R0168,DN,56,Medium,367
R0169,HCM,31,Low,53
R0170,CT,64,Low,59
R0171,HCM,47,Low,158
R0172,HCM,43,High,359
R0173,HN,49,Medium,204
R0174,CT,47,Medium,312
R0175,CT,39,Medium,360
R0176,HN,54,Low,377
R0177,DN,31,Medium,122
R0178,HCM,54,Medium,267
R0179,HP,62,Low,50
R0180,HCM,65,Low,306
R0181,HCM,60,Low,360
R0182,DN,43,Medium,404
R0183,HCM,30,High,412
R0184,HN,75,Low,193
R0185,HN,45,Medium,314
R0186,CT,75,Low,322
R0187,HP,32,High,133
R0188,HCM,64,Low,53
R0189,HCM,70,Medium,29
R0190,DN,35,Medium,270
R0191,HN,54,Medium,122
R0192,HP,42,Medium,468
R0193,CT,63,Low,148
R0194,HN,37,Low,446
R0195,CT,50,Low,204
R0196,DN,63,Low,161
R0197,DN,33,Medium,491
R0198,HCM,54,Low,352
R0199,HP,44,Low,138
R0200,CT,33,Medium,404
R0201,HN,74,High,152
R0202,DN,41,Medium,340
R0203,HCM,61,Low,75
R0204,HCM,61,Low,237
R0205,CT,57,High,338
R0206,DN,42,Low,303
R0207,HP,60,Low,158
R0208,DN,43,Medium,94
R0209,CT,49,Medium,338
R0210,CT,47,Medium,203
R0211,DN,58,Low,165
R0212,CT,35,Low,30
R0213,DN,61,High,125
R0214,HN,58,Low,305
R0215,DN,72,Medium,216
R0216,DN,31,Medium,67
R0217,CT,52,Medium,455
R0218,CT,48,Low,440
R0219,HCM,60,Low,72
R0220,HCM,34,Medium,257
R0221,HN,48,High,414
R0222,HCM,63,High,463
R0223,DN,39,Low,6
R0224,CT,54,Low,402
R0225,HCM,31,High,112
R0226,HCM,40,Medium,290
R0227,HN,79,High,53
R0228,HN,60,Low,144
R0229,DN,44,Medium,222
R0230,CT,38,Medium,48
R0231,HN,52,Medium,421
R0232,HCM,48,Medium,273
R0233,CT,38,Low,82
R0234,CT,64,Medium,220
R0235,HCM,50,Low,386
R0236,HN,38,Medium,102
R0237,HCM,57,High,240
R0238,CT,75,Low,286
R0239,HP,36,High,153
R0240,HP,45,Low,416
R0241,DN,45,Medium,308
R0242,HCM,62,High,488
R0243,HCM,33,Low,428
R0244,DN,33,Low,70
R0245,DN,68,Medium,238
R0246,DN,69,Low,461
R0247,CT,46,Medium,91
R0248,HCM,66,High,83
R0249,CT,68,Medium,209
R0250,DN,58,Low,283
R0251,HCM,65,Medium,341
R0252,CT,67,Medium,258
R0253,CT,68,Low,308
R0254,DN,79,Medium,384
R0255,HCM,66,Medium,134
R0256,DN,64,Medium,88
R0257,HCM,36,Low,280
R0258,HP,56,Medium,191
R0259,HN,57,Low,50
R0260,HN,51,Low,391
R0261,HN,43,High,187
R0262,DN,36,Medium,272
R0263,HP,66,Low,300
R0264,HCM,51,Low,326
R0265,CT,34,Low,104
R0266,HCM,31,Low,82
R0267,CT,56,Low,276
R0268,HCM,50,Low,343
R0269,HP,67,Medium,166
R0270,CT,44,Medium,48
R0271,DN,50,Medium,242
R0272,HCM,39,Medium,138
R0273,HCM,52,Low,465
R0274,CT,68,High,196
R0275,DN,34,High,360
R0276,DN,30,High,282
R0277,HP,42,High,22
R0278,DN,50,High,16
R0279,DN,55,Medium,184
R0280,DN,79,Low,127
R0281,HN,74,Medium,250
R0282,HP,50,Medium,226
R0283,HCM,47,Medium,377
R0284,CT,66,Medium,55
R0285,HCM,74,Low,492
R0286,HP,61,Low,75
R0287,CT,65,High,484
R0288,HP,46,Medium,52
R0289,DN,64,Medium,23
R0290,CT,78,Low,266
R0291,DN,40,Low,88
R0292,HCM,50,High,159
R0293,HCM,55,Medium,57
R0294,CT,33,Medium,111
R0295,CT,63,Medium,361
R0296,HP,77,Medium,308
R0297,HP,47,Low,139
R0298,DN,69,Medium,447
R0299,CT,64,Medium,73
R0300,HCM,70,Medium,15
R0301,HP,58,Medium,147
R0302,HP,58,High,196
R0303,HCM,67,Low,391
R0304,HP,71,High,382
R0305,DN,50,Low,73
R0306,CT,71,Medium,27
R0307,HCM,42,Low,185
R0308,CT,78,Low,297
R0309,HP,70,Medium,13
R0310,HP,46,Low,275
R0311,HCM,38,Medium,391
R0312,DN,70,High,97
R0313,HN,30,Low,458
R0314,HCM,31,Medium,21
R0315,HN,77,Medium,158
R0316,HN,58,Medium,409
R0317,DN,62,Low,332
R0318,HN,39,Low,153
R0319,HN,79,Low,381
R0320,DN,69,Low,271
R0321,HN,50,Low,426
R0322,HN,57,Medium,332
R0323,HN,40,High,110
R0324,HCM,63,High,476
R0325,HCM,37,Medium,385
R0326,HCM,51,Low,39
R0327,DN,37,Low,123
R0328,HP,78,Low,18
R0329,HN,44,Low,18
R0330,HN,46,Medium,270
R0331,DN,52,Medium,144
R0332,HN,53,Low,298
R0333,HCM,74,Low,368
R0334,HP,48,High,123
R0335,CT,34,Medium,242
R0336,HN,61,Low,38
R0337,HCM,73,High,173
R0338,CT,30,High,14
R0339,HP,52,Low,126
R0340,CT,66,Low,405
R0341,HCM,37,Medium,149
R0342,CT,42,High,455
R0343,DN,37,High,450
R0344,CT,52,Low,227
R0345,HN,72,Low,375
R0346,HN,30,Medium,261
R0347,DN,74,Medium,272
R0348,HCM,53,Low,363
R0349,HN,64,High,8
R0350,HP,53,Medium,430
R0351,HN,46,High,401
R0352,HN,34,High,358
R0353,HCM,49,Medium,110
R0354,CT,50,Medium,89
R0355,HN,69,Medium,218
R0356,DN,60,Low,125
R0357,CT,75,Medium,136
R0358,HP,65,Low,342
R0359,HCM,40,Medium,201
R0360,HP,44,Low,23
R0361,CT,48,Low,134
R0362,CT,36,Low,16
R0363,CT,57,Low,85
R0364,HP,72,Medium,334
R0365,CT,34,Medium,358
R0366,HP,34,Medium,266
R0367,CT,59,Low,396
R0368,DN,61,Low,129
R0369,CT,37,Low,311
R0370,HP,39,Low,271
R0371,HN,67,High,451
R0372,CT,76,Low,445
R0373,HN,61,Low,387
R0374,DN,77,Low,144
R0375,HCM,57,Low,333
R0376,DN,46,Medium,6
R0377,CT,60,Medium,12
R0378,HN,37,Low,254
R0379,HN,69,Low,143
R0380,HP,54,Low,128
R0381,HN,38,Low,313
R0382,HP,31,Low,232
R0383,HCM,44,High,14
R0384,CT,79,Medium,473
R0385,HP,32,Medium,216
R0386,HCM,78,Medium,116
R0387,HN,65,Medium,12
R0388,HN,33,Medium,296
R0389,HCM,43,Medium,481
R0390,HN,70,Medium,366
R0391,HCM,70,Low,464
R0392,HP,54,Medium,257
R0393,HP,79,Medium,18
R0394,HCM,39,High,244
R0395,HP,50,Medium,442
R0396,HP,65,Medium,246
R0397,HP,41,Low,473
R0398,DN,56,Medium,346
R0399,CT,69,Low,153
R0400,HN,31,Low,240
R0401,DN,42,Low,310
R0402,HP,61,Medium,482
R0403,HCM,60,Low,171
R0404,HP,45,Low,24
R0405,CT,61,High,220
R0406,HP,61,Low,347
R0407,HCM,63,Medium,139
R0408,CT,40,Medium,397
R0409,HP,39,Low,133
R0410,CT,44,Medium,414
R0411,HN,46,Low,426
R0412,HN,69,Medium,298
R0413,HP,47,Medium,250
R0414,CT,38,Medium,193
R0415,HCM,54,Medium,48
R0416,HP,69,Low,90
R0417,HN,43,Low,48
R0418,HN,54,Medium,334
R0419,HP,79,Medium,379
R0420,CT,51,High,450
R0421,HN,59,High,382
R0422,CT,49,High,394
R0423,HN,50,Medium,149
R0424,HN,73,Low,55
R0425,DN,61,Medium,246
R0426,HN,75,Medium,298
R0427,HCM,78,Low,412
R0428,HP,50,High,55
R0429,HP,64,High,270
R0430,CT,61,Medium,124
R0431,HN,59,Low,204
R0432,HCM,68,Low,409
R0433,CT,78,High,252
R0434,DN,41,High,74
R0435,CT,70,Low,345
R0436,CT,76,Low,61
R0437,HN,47,High,386
R0438,DN,50,Low,43
R0439,CT,42,Medium,476
R0440,HCM,50,High,293
R0441,HCM,37,Low,447
R0442,HP,75,Medium,22
R0443,DN,69,Low,444
R0444,DN,75,Low,224
R0445,HP,36,High,317
R0446,CT,52,Medium,248
R0447,DN,73,High,356
R0448,HCM,61,Medium,464
R0449,HCM,40,Low,308
R0450,HN,51,Low,302
R0451,DN,51,Low,287
R0452,CT,72,Low,78
R0453,HP,54,Low,114
R0454,HP,51,Low,184
R0455,CT,57,Medium,430
R0456,HN,58,Medium,36
R0457,HP,42,Medium,238
R0458,DN,47,Medium,286
R0459,HN,31,Low,29
R0460,DN,58,Low,335
R0461,HCM,50,Medium,283
R0462,HN,44,Medium,230
R0463,HP,56,Low,61
R0464,HN,79,High,184
R0465,HN,60,Medium,236
R0466,HN,44,Medium,386
R0467,HN,52,Low,347
R0468,DN,53,Medium,481
R0469,HCM,73,Medium,291
R0470,CT,42,Medium,68
R0471,HN,51,Medium,459
R0472,HP,72,High,236
R0473,HN,66,Medium,293
R0474,HP,62,Low,217
R0475,DN,32,Medium,262
R0476,HP,48,Medium,22
R0477,CT,52,Medium,179
R0478,HCM,58,Low,421
R0479,HP,59,Low,233
R0480,HP,68,High,230
R0481,HCM,73,Medium,88
R0482,CT,76,High,295
R0483,HN,54,Medium,439
R0484,HP,66,Medium,374
R0485,HCM,76,Medium,250
R0486,DN,37,High,406
R0487,HCM,71,Medium,114
R0488,DN,45,Medium,258
R0489,CT,37,Low,92
R0490,HN,30,Medium,76
R0491,HCM,73,Medium,385
R0492,HP,34,Low,34
R0493,CT,32,Low,176
R0494,HCM,30,Low,313
R0495,HP,33,Low,398
R0496,HCM,69,Low,347
R0497,DN,64,Medium,440
R0498,HCM,61,High,181
R0499,HCM,71,Medium,143
R0500,HCM,63,Low,198
R0501,CT,72,Low,190
R0502,HCM,54,Medium,222
R0503,HP,39,Low,168
R0504,DN,50,High,165
R0505,DN,75,Medium,435
R0506,HCM,68,Medium,17
R0507,CT,56,Low,300
R0508,CT,56,Medium,93
R0509,HP,31,Low,328
R0510,HCM,70,High,46
R0511,DN,77,Medium,407
R0512,CT,42,Low,214
R0513,HCM,38,Low,233
R0514,CT,65,Low,354
R0515,CT,51,Medium,279
R0516,DN,71,Low,446
R0517,HN,55,Medium,283
R0518,HP,41,Low,255
R0519,HP,46,Medium,314
R0520,DN,43,High,212
R0521,CT,43,Medium,325
R0522,HCM,63,Medium,144
R0523,CT,49,Low,284
R0524,DN,40,Low,38
R0525,HP,45,Medium,313
R0526,CT,60,Low,396
R0527,HP,35,Medium,22
R0528,HCM,48,Low,61
R0529,HP,66,Low,116
R0530,HP,33,Low,9
R0531,HN,76,High,414
R0532,HN,33,Low,418
R0533,HN,49,Medium,186
R0534,HP,39,Low,17
R0535,DN,53,Medium,343
R0536,HP,64,Low,289
R0537,DN,55,High,263
R0538,DN,66,High,94
R0539,HN,67,Low,108
R0540,CT,50,High,383
R0541,HCM,69,High,190
R0542,HN,68,High,254
R0543,HN,50,High,259
R0544,CT,39,Low,80
R0545,HCM,67,Medium,390
R0546,HP,75,Low,463
R0547,HP,33,Low,112
R0548,HN,74,High,160
R0549,HCM,49,Low,86
R0550,HN,46,Medium,81
R0551,DN,36,High,489
R0552,HN,33,High,474
R0553,HN,58,High,464
R0554,HP,43,Low,262
R0555,HP,32,Low,131
R0556,HP,53,Medium,489
R0557,DN,66,Low,395
R0558,HP,45,Low,286
R0559,HCM,33,Low,478
R0560,CT,53,Medium,92
R0561,HCM,63,Medium,208
R0562,HCM,59,Low,20
R0563,HP,47,Medium,155
R0564,CT,48,Low,428
R0565,CT,60,Low,258
R0566,CT,48,Medium,192
R0567,DN,78,Medium,333
R0568,HP,75,Medium,36
R0569,CT,48,Low,275
R0570,DN,51,High,489
R0571,HN,53,Medium,401
R0572,HN,74,Medium,9
R0573,DN,41,Medium,463
R0574,DN,59,High,334
R0575,HP,67,Medium,312
R0576,HP,60,Medium,337
R0577,HN,65,High,173
R0578,CT,48,Medium,185
R0579,HN,77,Medium,370
R0580,CT,74,Medium,182
R0581,CT,65,Low,147
R0582,HP,59,Low,366
R0583,HCM,78,Medium,252
R0584,HCM,62,High,131
R0585,DN,47,High,267
R0586,HP,78,Low,44
R0587,CT,57,Medium,416
R0588,HCM,76,Low,420
R0589,CT,40,High,359
R0590,HCM,74,High,259
R0591,HCM,62,Medium,147
R0592,HCM,46,High,244
R0593,HP,35,Medium,232
R0594,HN,33,Medium,345
R0595,CT,49,Low,202
R0596,HP,77,Medium,69
R0597,HP,76,Medium,392
R0598,HP,56,Medium,15
R0599,HP,44,Low,112
R0600,HP,35,High,30
R0601,DN,76,Low,449
R0602,CT,43,Medium,425
R0603,HP,40,Medium,155
R0604,CT,68,Medium,225
R0605,DN,38,Medium,345
R0606,DN,55,Low,241
R0607,CT,45,Low,241
R0608,HCM,34,Medium,223
R0609,HN,39,Medium,491
R0610,HCM,79,Low,428
R0611,HCM,32,Medium,465
R0612,HCM,42,Medium,155
R0613,HP,72,Medium,127
R0614,DN,78,High,148
R0615,HCM,59,Low,482
R0616,DN,74,Low,193
R0617,CT,35,Medium,259
R0618,HN,46,Medium,72
R0619,CT,74,Medium,108
R0620,CT,48,High,340
R0621,HP,71,High,163
R0622,HN,64,High,313
R0623,CT,75,Medium,366
R0624,CT,55,Medium,413
R0625,HN,34,Medium,304
R0626,HN,58,Low,400
R0627,CT,66,Medium,94
R0628,HN,49,Low,361
R0629,CT,78,High,260
R0630,CT,50,Medium,357
R0631,HP,39,Medium,224
R0632,HCM,34,Low,13
R0633,CT,65,Low,16
R0634,DN,35,Low,329
R0635,HCM,55,Medium,442
R0636,HCM,33,Low,248
R0637,HCM,68,Medium,186
R0638,HP,68,High,288
R0639,CT,79,High,316
R0640,HP,64,Medium,103
R0641,CT,30,Low,201
R0642,HP,53,High,486
R0643,HP,65,High,370
R0644,DN,35,Low,230
R0645,HP,70,Medium,337
R0646,HN,75,Low,107
R0647,DN,73,High,110
R0648,HP,60,High,369
R0649,HCM,49,Low,372
R0650,HN,53,High,62
R0651,HN,54,Medium,82
R0652,HN,65,High,79
R0653,DN,50,Medium,46
R0654,HP,59,High,426
R0655,HP,53,Low,328
R0656,HCM,73,Low,185
R0657,HCM,71,Low,37
R0658,HN,59,High,75
R0659,HCM,51,High,60
R0660,DN,57,High,109
R0661,HP,36,High,204
R0662,HN,64,Low,105
R0663,HCM,57,Low,260
R0664,DN,43,Low,311
R0665,DN,39,Low,78
R0666,HCM,45,Low,175
R0667,HP,45,Medium,381
R0668,HCM,60,Low,147
R0669,HN,71,Low,170
R0670,HCM,54,Low,403
R0671,DN,42,Low,265
R0672,HCM,35,High,225
R0673,HP,73,Medium,87
R0674,CT,38,High,186
R0675,HCM,74,Medium,311
R0676,HP,65,Low,14
R0677,HP,72,Medium,400
R0678,DN,49,Low,8
R0679,HP,47,Low,355
R0680,HP,72,Low,406
R0681,HP,50,Low,340
R0682,HP,33,Low,492
R0683,HN,79,Low,296
R0684,HN,62,Medium,285
R0685,DN,56,Low,219
R0686,HCM,36,Low,464
R0687,HP,35,High,102
R0688,HCM,44,Low,424
R0689,HCM,47,Low,105
R0690,DN,61,High,455
R0691,HP,40,Low,13
R0692,HP,49,Low,65
R0693,CT,53,Medium,313
R0694,HCM,44,Low,150
R0695,HCM,77,Medium,431
R0696,HN,36,High,423
R0697,CT,50,Low,67
R0698,HN,71,Medium,125
R0699,HN,55,Medium,230
R0700,HN,73,Low,109
R0701,DN,43,Medium,466
R0702,DN,66,Low,264
R0703,HN,50,Medium,353
R0704,CT,47,Low,429
R0705,HCM,34,Medium,259
R0706,CT,32,Low,433
R0707,HP,52,High,438
R0708,DN,55,Low,211
R0709,HCM,66,Medium,32
R0710,HCM,53,Medium,174
R0711,HP,78,Medium,340
R0712,HP,48,Medium,80
R0713,HN,54,Medium,120
R0714,DN,50,Medium,73
R0715,DN,41,High,358
R0716,CT,70,Low,238
R0717,HN,62,Medium,5
R0718,HN,79,High,171
R0719,HN,33,High,356
R0720,HN,71,High,222
R0721,DN,36,Low,277
R0722,DN,51,Low,372
R0723,HN,62,Medium,255
R0724,CT,46,Medium,351
R0725,HCM,53,Medium,348
R0726,HCM,63,Medium,423
R0727,CT,57,High,178
R0728,HN,72,Low,174
R0729,DN,70,High,250
R0730,HCM,68,Medium,427
R0731,HP,51,Low,94
R0732,HP,78,Medium,53
R0733,CT,46,Medium,450
R0734,HN,63,Low,298
R0735,HCM,35,Low,411
R0736,HN,75,High,154
R0737,HCM,35,Low,136
R0738,CT,63,Medium,437
R0739,CT,30,Medium,63
R0740,HP,39,Medium,461
R0741,HN,50,Medium,328
R0742,HP,34,Low,203
R0743,HN,31,Medium,219
R0744,HP,51,Low,390
R0745,DN,77,Medium,53
R0746,DN,31,Low,476
R0747,DN,39,Medium,236
R0748,DN,63,Low,251
R0749,HCM,45,Low,386
R0750,DN,77,Low,483
R0751,CT,68,Low,243
R0752,CT,51,High,419
R0753,HCM,41,Low,371
R0754,DN,53,High,172
R0755,DN,76,High,52
R0756,DN,69,Medium,55
R0757,HP,67,Low,303
R0758,HN,39,Low,102
R0759,HP,64,Medium,443
R0760,HN,78,Low,220
R0761,DN,61,Low,181
R0762,DN,36,Medium,384
R0763,HP,50,High,478
R0764,HP,49,Medium,84
R0765,HN,55,Low,189
R0766,CT,33,Medium,371
R0767,HN,75,Low,465
R0768,HP,51,Low,403
R0769,HP,44,High,31
R0770,HCM,69,Low,456
R0771,HP,50,Low,468
R0772,HCM,44,Low,452
R0773,CT,51,High,482
R0774,HN,57,Medium,496
R0775,HN,43,Medium,418
R0776,HCM,56,Medium,424
R0777,HN,70,Low,199
R0778,HP,69,Medium,218
R0779,DN,57,Low,373
R0780,HCM,55,Low,346
R0781,HN,78,Medium,118
R0782,HCM,31,High,246
R0783,HCM,54,Low,128
R0784,DN,32,Low,309
R0785,HP,37,Low,80
R0786,HCM,73,Low,315
R0787,HN,62,High,473
R0788,CT,71,Medium,316
R0789,HCM,64,Medium,200
R0790,HCM,35,Medium,355
R0791,DN,68,Low,48
R0792,HP,52,Medium,419
R0793,CT,54,Medium,190
R0794,HN,79,Medium,347
R0795,CT,72,High,250
R0796,HN,48,Medium,441
R0797,HP,34,Low,88
R0798,HN,40,High,211
R0799,DN,41,Low,155
R0800,DN,39,Low,160
R0801,DN,37,Low,20
R0802,DN,53,Low,169
R0803,CT,57,Medium,409
R0804,HP,70,Medium,467
R0805,HN,65,High,149
R0806,HN,66,Medium,41
R0807,DN,50,Medium,337
R0808,DN,37,Low,407
R0809,HCM,38,Low,418
R0810,HP,76,Medium,49
R0811,CT,44,Medium,406
R0812,HN,77,High,210
R0813,HCM,75,Low,66
R0814,HCM,69,Low,424
R0815,HN,47,Medium,360
R0816,CT,71,Low,472
R0817,HCM,49,Low,312
R0818,HCM,35,Medium,23
R0819,HP,41,Low,369
R0820,CT,31,Medium,304
R0821,HCM,36,Low,11
R0822,CT,45,Low,253
R0823,HN,32,Low,432
R0824,DN,74,High,121
R0825,HCM,32,Low,72
R0826,HP,56,Medium,38
R0827,HN,79,Low,198
R0828,CT,72,Medium,329
R0829,HN,69,Low,59
R0830,HCM,67,Medium,270
R0831,CT,62,Medium,484
R0832,DN,57,High,46
R0833,HN,30,Low,301
R0834,HCM,37,Low,465
R0835,HP,66,Low,235
R0836,CT,61,High,457
R0837,HN,77,Medium,382
R0838,HN,72,Medium,398
R0839,DN,66,Low,14
R0840,DN,33,Low,362
R0841,HP,59,Low,479
R0842,HP,35,High,448
R0843,HCM,75,Medium,132
R0844,HCM,48,High,183
R0845,HP,61,Low,409
R0846,HP,38,Medium,396
R0847,CT,41,Medium,197
R0848,DN,40,Low,96
R0849,HCM,75,High,373
R0850,DN,45,High,235
R0851,DN,30,High,82
R0852,HP,74,Medium,89
R0853,CT,50,Low,34
R0854,HN,59,Low,217
R0855,CT,42,High,53
R0856,CT,63,Low,269
R0857,DN,33,Medium,149
R0858,CT,57,Medium,73
R0859,HCM,67,Medium,62
R0860,DN,60,High,189
R0861,HCM,56,Low,66
R0862,HN,34,Low,483
R0863,DN,54,Low,312
R0864,HN,32,Medium,449
R0865,DN,62,Low,300
R0866,HP,33,Low,170
R0867,CT,54,High,175
R0868,HP,49,High,67
R0869,HN,63,Low,151
R0870,CT,55,Low,488
R0871,DN,34,High,310
R0872,CT,64,Low,165
R0873,HCM,57,Low,145
R0874,CT,58,Low,338
R0875,HCM,38,Medium,101
R0876,CT,67,Low,450
R0877,HCM,79,High,225
R0878,HN,35,Medium,47
R0879,HP,48,Medium,437
R0880,DN,73,Low,296
R0881,CT,40,Medium,382
R0882,HP,31,Medium,112
R0883,DN,76,Medium,270
R0884,DN,73,Medium,99
R0885,HCM,73,Medium,266
R0886,HN,38,High,317
R0887,HN,50,High,389
R0888,HP,53,Medium,75
R0889,HN,63,Low,446
R0890,CT,51,Low,223
R0891,HN,32,Low,25
R0892,HP,41,Medium,96
R0893,HN,57,Medium,131
R0894,CT,59,Medium,84
R0895,HCM,55,High,316
R0896,HP,77,High,242
R0897,HCM,50,High,475
R0898,HCM,57,Low,376
R0899,HCM,55,Medium,408
R0900,DN,62,Low,490
R0901,DN,50,Low,186
R0902,HCM,64,Low,29
R0903,HP,63,Low,160
R0904,CT,70,Medium,9
R0905,CT,76,High,124
R0906,HN,47,Low,281
R0907,HP,40,Medium,22
R0908,DN,52,Medium,435
R0909,HCM,77,Low,202
R0910,HN,51,Medium,61
R0911,CT,46,Low,97
R0912,DN,34,Medium,23
R0913,DN,73,Medium,388
R0914,HCM,40,Low,357
R0915,CT,59,Low,197
R0916,HP,44,Medium,241
R0917,DN,56,High,391
R0918,HCM,64,Low,430
R0919,HP,62,Medium,281
R0920,CT,49,Medium,231
R0921,DN,45,High,237
R0922,HP,63,High,44
R0923,HP,31,Medium,327
R0924,HP,64,Medium,157
R0925,DN,69,High,131
R0926,DN,57,Low,241
R0927,HN,76,Low,490
R0928,CT,68,Low,497
R0929,HCM,35,High,59
R0930,HP,38,High,472
R0931,HN,49,Low,440
R0932,HCM,30,Medium,176
R0933,HN,37,Medium,113
R0934,DN,52,Low,358
R0935,HP,32,High,473
R0936,HCM,33,Low,188
R0937,HCM,54,Low,443
R0938,HCM,76,Medium,372
R0939,HCM,67,Medium,475
R0940,HCM,44,Low,202
R0941,HN,50,Medium,375
R0942,HP,64,Medium,377
R0943,DN,75,Low,465
R0944,DN,43,Low,91
R0945,DN,65,Medium,205
R0946,DN,41,Low,341
R0947,HN,46,High,326
R0948,CT,68,High,279
R0949,HP,38,High,215
R0950,HCM,64,Low,395
R0951,CT,42,High,122
R0952,DN,44,Medium,195
R0953,CT,47,Low,46
R0954,HP,62,Low,46
R0955,HCM,35,Low,319
R0956,HCM,56,Medium,280
R0957,HP,52,Medium,333
R0958,HP,56,Low,21
R0959,DN,63,Medium,287
R0960,HCM,75,Low,435
R0961,CT,67,Medium,262
R0962,HN,43,Low,67
R0963,HN,65,High,66
R0964,HP,37,High,104
R0965,DN,64,Medium,23
R0966,HN,48,Low,21
R0967,HCM,59,Low,329
R0968,HP,43,High,427
R0969,CT,49,Low,470
R0970,HP,78,Low,377
R0971,CT,54,Low,250
R0972,HP,69,Medium,255
R0973,HP,53,Medium,459
R0974,HP,43,High,85
R0975,CT,55,Low,43
R0976,CT,67,Low,40
R0977,HP,52,High,428
R0978,HN,51,High,433
R0979,DN,77,Low,392
R0980,DN,48,Medium,490
R0981,DN,75,Low,413
R0982,CT,32,High,201
R0983,CT,71,Low,162
R0984,HN,48,High,208
R0985,DN,38,Medium,200
R0986,DN,57,Medium,220
R0987,HP,49,Low,289
R0988,CT,74,Medium,461
R0989,DN,36,Medium,200
R0990,HN,43,Low,311
R0991,HN,38,Medium,156
R0992,DN,48,High,18
R0993,CT,76,Medium,329
R0994,HN,43,Medium,150
R0995,HP,67,Low,430
R0996,HN,65,Medium,61
R0997,HCM,69,Low,215
R0998,HCM,46,Medium,272
R0999,CT,59,High,214
R1000,DN,38,Medium,21
R1001,CT,62,Low,290
R1002,CT,54,Low,348
R1003,CT,43,Medium,207
R1004,CT,40,Medium,103
R1005,HP,64,High,283
R1006,HP,70,High,213
R1007,HN,43,Medium,133
R1008,HCM,59,Low,339
R1009,CT,70,Low,292
R1010,HN,33,Low,256
R1011,HCM,33,Low,269
R1012,DN,57,Medium,275
R1013,HP,37,Medium,416
R1014,HCM,31,Medium,412
R1015,DN,70,Low,192
R1016,HCM,75,Low,423
R1017,HP,51,Low,218
R1018,HP,70,Low,287
R1019,HN,45,High,215
R1020,CT,58,Low,369
R1021,HCM,78,Medium,80
R1022,HCM,77,Low,152
R1023,DN,59,High,325
R1024,HP,41,Medium,217
R1025,HCM,64,Low,437
R1026,HP,40,Medium,113
R1027,HCM,75,Medium,133
R1028,HN,79,High,14
R1029,CT,50,Low,51
R1030,HCM,50,High,383
R1031,HP,34,High,319
R1032,HN,77,High,100
R1033,HCM,49,Medium,450
R1034,DN,66,Medium,107
R1035,CT,32,Medium,384
R1036,HCM,73,Medium,346
R1037,HN,62,Medium,150
R1038,DN,38,Medium,372
R1039,HN,38,Medium,434
R1040,HN,33,Medium,420
R1041,DN,64,High,31
R1042,HN,46,Low,224
R1043,DN,63,High,22
R1044,HCM,53,Medium,171
R1045,DN,61,High,437
R1046,DN,30,Medium,481
R1047,CT,37,Low,86
R1048,DN,74,High,432
R1049,DN,52,Low,76
R1050,HCM,76,High,314
R1051,CT,69,Medium,483
R1052,HP,41,Medium,258
R1053,HCM,41,Low,166
R1054,HCM,75,Medium,331
R1055,HP,76,Low,424
R1056,DN,44,Low,406
R1057,HN,70,Low,42
R1058,CT,48,Low,447
R1059,HN,55,High,397
R1060,HP,58,High,205
R1061,HCM,51,Low,498
R1062,HCM,69,Medium,204
R1063,CT,50,Low,259
R1064,HCM,67,Medium,183
R1065,HCM,49,High,39
R1066,CT,58,High,86
R1067,CT,33,Medium,393
R1068,HP,36,Medium,402
R1069,HCM,57,Low,224
R1070,HCM,57,High,162
R1071,HP,33,Low,8
R1072,DN,51,Medium,171
R1073,DN,41,Medium,472
R1074,DN,74,Medium,452
R1075,HP,32,Low,413
R1076,HCM,51,High,416
R1077,HP,73,Low,208
R1078,HP,31,Medium,198
R1079,DN,53,Low,239
R1080,HN,63,Low,210
R1081,HCM,56,Medium,154
R1082,DN,70,Medium,163
R1083,HN,30,Low,283
R1084,HN,37,Low,308
R1085,CT,52,Medium,408
R1086,HCM,67,Medium,385
R1087,HN,35,High,170
R1088,DN,51,Low,315
R1089,CT,54,Low,72
R1090,HCM,47,Low,467
R1091,HP,46,Low,92
R1092,DN,41,Medium,221
R1093,HN,35,Medium,5
R1094,HN,55,Low,139
R1095,DN,56,Low,189
R1096,HN,37,Low,355
R1097,CT,48,High,144
R1098,HCM,71,High,110
R1099,CT,30,Low,137
R1100,HN,58,Low,112
R1101,HP,74,High,182
R1102,HCM,78,High,302
R1103,HCM,64,Medium,362
R1104,DN,69,Low,384
R1105,DN,43,Low,400
R1106,HP,64,Medium,363
R1107,HCM,77,Low,150
R1108,HP,74,Low,454
R1109,DN,49,Medium,78
R1110,DN,78,Low,467
R1111,HCM,42,Medium,482
R1112,CT,67,Low,112
R1113,HN,78,Low,126
R1114,DN,75,Medium,21
R1115,DN,78,Low,200
R1116,CT,37,High,331
R1117,CT,72,Medium,322
R1118,HP,49,Low,301
R1119,HP,62,Medium,483
R1120,HN,55,Low,256
R1121,HN,68,High,491
R1122,HCM,50,Low,123
R1123,HP,78,Medium,166
R1124,DN,71,Low,202
R1125,HP,72,Medium,490
R1126,DN,70,High,49
R1127,CT,38,High,318
R1128,HP,53,Low,183
R1129,CT,66,Low,386
R1130,HN,78,High,422
R1131,HN,70,High,48
R1132,HCM,46,Low,275
R1133,HP,53,Medium,82
R1134,CT,50,Low,330
R1135,DN,68,High,182
R1136,HN,70,Low,361
R1137,HN,68,Low,420
R1138,DN,42,Medium,455
R1139,CT,40,Low,7
R1140,CT,75,Medium,218
R1141,HP,48,Medium,346
R1142,HP,40,Low,78
R1143,HCM,42,Low,55
R1144,HN,75,Medium,71
R1145,HP,74,Low,336
R1146,CT,30,Medium,97
R1147,DN,69,High,180
R1148,CT,73,Medium,149
R1149,HN,48,Low,11
R1150,CT,41,Low,273
R1151,HCM,37,Low,380
R1152,HN,37,Low,326
R1153,DN,74,Medium,8
R1154,HCM,41,Medium,142
R1155,HN,77,Low,235
R1156,DN,62,Low,92
R1157,HCM,74,Low,21
R1158,HCM,55,Medium,56
R1159,HN,68,Low,138
R1160,HP,57,Medium,215
R1161,HCM,34,Low,329
R1162,HCM,37,High,484
R1163,DN,54,High,462
R1164,CT,56,Low,397
R1165,HN,75,Low,223
R1166,HN,52,Medium,209
R1167,HP,59,Low,215
R1168,HP,74,Medium,281
R1169,HN,76,High,28
R1170,HP,52,Medium,490
R1171,DN,78,High,8
R1172,HN,76,Low,156
R1173,HP,49,Low,447
R1174,HN,47,Medium,487
R1175,CT,47,Low,263
R1176,HCM,31,Medium,328
R1177,HN,33,Low,361
R1178,HCM,59,Low,172
R1179,HP,62,High,180
R1180,HCM,65,Low,314
R1181,HN,47,High,295
R1182,CT,66,High,483
R1183,HP,48,Medium,60
R1184,HN,76,Medium,112
R1185,HP,57,Medium,477
R1186,DN,69,High,300
R1187,HCM,49,Low,465
R1188,DN,78,Medium,328
R1189,HN,62,Medium,306
R1190,CT,41,Medium,338
R1191,HP,44,Medium,145
R1192,HCM,70,Low,159
R1193,HP,68,Medium,266
R1194,HN,31,High,277
R1195,HP,58,Low,424
R1196,HCM,70,High,236
R1197,HN,39,Medium,245
R1198,HP,31,High,359
R1199,CT,40,Medium,341
R1200,HN,42,Medium,493
R1201,HN,39,Low,262
R1202,CT,43,High,253
R1203,DN,47,Low,81
R1204,HCM,38,High,184
R1205,DN,68,High,70
R1206,HP,57,Low,312
R1207,CT,32,Low,352
R1208,DN,49,Medium,175
R1209,HN,35,Low,478
R1210,HP,56,High,26
R1211,HP,31,Low,371
R1212,DN,58,Low,111
R1213,DN,67,High,443
R1214,CT,32,Medium,327
R1215,HCM,45,High,231
R1216,DN,59,Low,448
R1217,DN,69,Medium,446
R1218,HN,31,Medium,400
R1219,HP,46,Medium,220
R1220,HCM,70,Medium,73
R1221,HN,41,Medium,88
R1222,CT,64,Medium,107
R1223,CT,72,Low,43
R1224,DN,30,Medium,17
R1225,DN,74,Low,301
R1226,CT,44,Medium,317
R1227,DN,55,Low,185
R1228,HCM,66,Medium,497
R1229,DN,50,Medium,272
R1230,HP,78,Low,17
R1231,DN,60,Low,124
R1232,HN,54,Low,462
R1233,HCM,52,Medium,357
R1234,HN,53,High,61
R1235,HN,67,Low,44
R1236,HP,57,Medium,378
R1237,HCM,50,Low,340
R1238,HCM,72,Medium,132
R1239,HCM,47,High,177
R1240,HCM,65,Low,39
R1241,HCM,64,Medium,263
R1242,HP,74,Low,380
R1243,DN,38,Low,9
R1244,HN,67,Low,222
R1245,HCM,59,Low,15
R1246,DN,73,Medium,386
R1247,DN,63,Medium,331
R1248,HN,61,Medium,121
R1249,HP,32,Low,188
R1250,CT,32,Low,398
R1251,CT,57,Medium,366
R1252,DN,73,High,120
R1253,HN,44,Low,166
R1254,CT,70,High,71
R1255,DN,52,Medium,204
R1256,HP,69,Medium,35
R1257,CT,40,Medium,79
R1258,DN,77,Low,241
R1259,DN,61,Low,331
R1260,HCM,65,Medium,497
R1261,HP,62,Low,70
R1262,HCM,53,High,74
R1263,HN,68,Medium,301
R1264,HCM,63,Low,451
R1265,HCM,57,Medium,420
R1266,CT,66,Low,24
R1267,DN,36,Medium,445
R1268,HP,33,Medium,230
R1269,HCM,66,High,438
R1270,HP,30,Medium,468
R1271,HCM,30,Medium,413
R1272,HN,76,Medium,400
R1273,HCM,49,High,203
R1274,CT,48,Low,43
R1275,DN,58,Low,149
R1276,HN,39,Low,49
R1277,HCM,47,Low,399
R1278,HP,57,Medium,330
R1279,HN,64,Medium,385
R1280,HN,72,Medium,411
R1281,HCM,76,Low,95
R1282,HN,60,Medium,242
R1283,HP,56,Low,74
R1284,HN,40,Medium,170
R1285,HP,78,Medium,134
R1286,HCM,78,Low,218
R1287,DN,67,Low,344
R1288,HN,34,Low,93
R1289,DN,37,High,339
R1290,HP,63,High,256
R1291,HN,77,Medium,373
R1292,CT,41,Low,353
R1293,DN,67,Medium,76
R1294,HN,30,Medium,169
R1295,DN,60,Medium,53
R1296,HN,33,Low,56
R1297,HCM,78,Low,293
R1298,DN,74,Medium,282
R1299,CT,79,Low,118
R1300,CT,34,Low,243
R1301,HP,59,Low,137
R1302,HN,53,Medium,491
R1303,DN,32,High,278
R1304,HP,40,High,170
R1305,DN,74,Medium,378
R1306,HN,33,Medium,377
R1307,CT,55,Low,297
R1308,HCM,56,Medium,482
R1309,CT,75,Low,247
R1310,HP,72,Medium,483
R1311,HCM,56,Low,324
R1312,HP,71,Low,142
R1313,HN,79,Low,83
R1314,HCM,35,Low,174
R1315,HP,44,Low,127
R1316,HN,59,Low,180
R1317,CT,71,High,304
R1318,HN,66,Medium,86
R1319,DN,66,Medium,91
R1320,HN,71,High,229
R1321,HN,66,High,20
R1322,DN,64,Medium,314
R1323,HP,52,High,362
R1324,HP,35,Low,167
R1325,HN,33,Low,102
R1326,DN,47,Medium,160
R1327,DN,38,Medium,6
R1328,CT,78,Medium,354
R1329,HP,58,Low,401
R1330,HCM,42,Low,173
R1331,HP,76,Medium,468
R1332,HP,46,Low,319
R1333,CT,74,Medium,329
R1334,HCM,61,Medium,379
R1335,CT,77,Medium,96
R1336,HCM,51,Medium,185
R1337,HN,33,High,235
R1338,HCM,34,Medium,305
R1339,CT,66,Medium,152
R1340,HP,70,Medium,284
R1341,HCM,78,Low,193
R1342,HCM,42,Low,351
R1343,DN,63,Low,354
R1344,HP,74,Medium,318
R1345,HN,51,Medium,497
R1346,CT,52,High,415
R1347,HN,32,Low,414
R1348,HP,71,Low,132
R1349,HCM,63,High,11
R1350,HCM,61,Low,430
R1351,HP,74,Medium,51
R1352,HCM,78,Medium,57
R1353,HCM,50,Medium,191
R1354,HCM,75,Low,42
R1355,CT,73,Low,457
R1356,CT,50,Low,475
R1357,DN,73,Medium,480
R1358,HN,40,Medium,230
R1359,HP,68,Low,57
R1360,HP,33,Medium,403
R1361,HP,30,High,228
R1362,DN,57,Low,158
R1363,CT,53,Medium,52
R1364,DN,64,Medium,355
R1365,HP,42,Low,151
R1366,HN,76,Low,397
R1367,HCM,63,Medium,68
R1368,CT,40,High,353
R1369,CT,65,High,186
R1370,DN,46,Medium,129
R1371,CT,64,Medium,183
R1372,HP,47,Low,43
R1373,HP,69,Medium,264
R1374,DN,51,Medium,386
R1375,HP,53,Low,7
R1376,HN,48,Medium,68
R1377,DN,66,Medium,33
R1378,HN,68,Low,376
R1379,HCM,50,High,15
R1380,HN,37,Low,101
R1381,HCM,57,Low,362
R1382,HCM,34,Low,446
R1383,HN,46,Medium,207
R1384,DN,66,Medium,415
R1385,HP,65,Low,485
R1386,HP,48,Medium,25
R1387,HCM,56,Low,43
R1388,HCM,63,Medium,227
R1389,DN,40,Medium,106
R1390,CT,74,Medium,50
R1391,HN,76,High,70
R1392,HCM,41,Low,95
R1393,HP,50,Low,168
R1394,DN,40,Medium,463
R1395,HN,68,High,115
R1396,DN,57,Low,342
R1397,HN,34,Low,127
R1398,HN,46,Low,197
R1399,HCM,49,Medium,451
R1400,DN,70,Low,103
R1401,DN,75,Medium,295
R1402,HP,41,High,163
R1403,HP,35,Medium,416
R1404,HCM,46,Low,107
R1405,HCM,48,Medium,389
R1406,CT,55,Low,285
R1407,HP,77,High,47
R1408,HN,73,Medium,490
R1409,DN,73,Low,88
R1410,HCM,61,Medium,455
R1411,DN,35,Medium,195
R1412,DN,65,Medium,55
R1413,CT,67,Low,390
R1414,HP,40,High,214
R1415,HCM,62,High,130
R1416,DN,53,Medium,496
R1417,HCM,52,High,452
R1418,HN,44,Low,462
R1419,CT,56,Medium,73
R1420,HN,40,Medium,269
R1421,HCM,79,Medium,262
R1422,HCM,46,Medium,422
R1423,HP,43,Low,192
R1424,DN,56,Low,234
R1425,DN,47,Low,193
R1426,HN,57,Low,419
R1427,CT,76,Medium,14
R1428,DN,76,Low,118
R1429,HP,33,Low,80
R1430,HN,36,Medium,168
R1431,HN,74,Medium,89
R1432,HP,64,High,53
R1433,CT,77,Medium,499
R1434,HP,38,Low,330
R1435,CT,37,High,181
R1436,HP,74,Medium,391
R1437,HP,46,Low,462
R1438,HCM,46,Medium,393
R1439,HN,78,High,498
R1440,HP,62,Low,222
R1441,HP,61,Low,193
R1442,DN,37,Low,473
R1443,HN,48,Low,497
R1444,DN,67,Medium,350
R1445,HN,32,Medium,234
R1446,DN,34,Low,259
R1447,HP,42,High,240
R1448,HP,76,Medium,30
R1449,HCM,75,Medium,76
R1450,DN,60,High,265
R1451,CT,45,Low,258
R1452,HCM,79,Medium,275
R1453,DN,61,Medium,127
R1454,DN,51,High,148
R1455,HCM,58,Medium,261
R1456,HP,51,Low,148
R1457,DN,72,High,425
R1458,HP,32,Low,263
R1459,HCM,39,High,440
R1460,HP,71,High,51
R1461,HN,50,Low,355
R1462,CT,45,Medium,17
R1463,DN,41,Low,380
R1464,CT,31,Medium,212
R1465,HP,70,Medium,315
R1466,DN,53,Medium,239
R1467,HP,64,High,153
R1468,HN,59,Medium,326
R1469,HCM,59,Medium,442
R1470,DN,76,High,159
R1471,HN,64,High,170
R1472,HN,48,Low,94
R1473,DN,79,High,190
R1474,HP,37,Low,322
R1475,HN,55,High,362
R1476,CT,78,Low,178
R1477,HN,69,Low,221
R1478,HP,36,Medium,399
R1479,HP,59,Medium,460
R1480,CT,36,Low,268
R1481,HN,32,Low,101
R1482,HP,30,Medium,121
R1483,DN,65,High,203
R1484,HCM,54,Low,324
R1485,HCM,66,Low,490
R1486,HCM,30,Medium,25
R1487,HN,44,Low,204
R1488,CT,66,High,375
R1489,HP,42,High,451
R1490,DN,69,Medium,345
R1491,DN,37,Low,452
R1492,HN,34,Medium,252
R1493,HCM,38,Medium,280
R1494,HN,30,High,268
R1495,CT,65,Medium,62
R1496,CT,64,Medium,306
R1497,HP,31,Medium,35
R1498,HP,69,Medium,253
R1499,CT,52,High,97
R1500,CT,38,Medium,269
R1501,CT,63,Medium,275
R1502,HN,75,Low,98
R1503,CT,43,Medium,158
R1504,DN,33,Medium,398
R1505,HCM,59,Low,289
R1506,CT,60,Low,84
R1507,HCM,67,Medium,296
R1508,HN,40,Medium,88
R1509,HCM,64,Medium,369
R1510,HN,37,Low,378
R1511,DN,32,Medium,41
R1512,HN,43,Low,346
R1513,HN,42,Medium,331
R1514,HP,74,Low,411
R1515,CT,61,Low,429
R1516,CT,63,Low,236
R1517,DN,74,Low,97
R1518,DN,48,Low,340
R1519,CT,67,Low,106
R1520,HP,45,Medium,416
R1521,CT,31,Medium,436
R1522,HP,69,Low,170
R1523,DN,46,High,163
R1524,HCM,63,Low,18
R1525,DN,71,Medium,377
R1526,DN,45,Low,229
R1527,HN,67,Low,77
R1528,HN,31,Medium,253
R1529,HN,31,Medium,95
R1530,HN,55,High,220
R1531,HP,42,Medium,465
R1532,CT,76,High,94
R1533,HCM,60,Low,33
R1534,DN,63,Low,439
R1535,HP,68,Low,309
R1536,HCM,32,Low,431
R1537,HP,37,Medium,480
R1538,HP,52,Medium,224
R1539,DN,43,Low,332
R1540,CT,56,High,219
R1541,HN,58,High,225
R1542,CT,68,Low,393
R1543,DN,68,Low,46
R1544,DN,30,Low,139
R1545,DN,46,Low,46
R1546,HCM,70,Low,168
R1547,CT,59,Medium,365
R1548,CT,42,Low,287
R1549,HP,50,Low,62
R1550,HP,48,High,306
R1551,HP,48,Medium,326
R1552,DN,54,High,29
R1553,CT,51,Low,77
R1554,DN,60,Low,377
R1555,HCM,46,Medium,415
R1556,HP,52,Low,133
R1557,DN,61,Low,91
R1558,DN,39,Medium,334
R1559,HCM,39,Medium,430
R1560,HN,65,Medium,440
R1561,CT,37,Medium,157
R1562,HN,49,Medium,186
R1563,HP,61,Low,129
R1564,DN,79,Low,71
R1565,HCM,43,Low,10
R1566,HCM,79,Low,129
R1567,CT,57,High,318
R1568,HN,75,Medium,330
R1569,CT,53,Medium,57
R1570,DN,44,Low,70
R1571,CT,51,Low,318
R1572,HCM,59,Low,86
R1573,HCM,33,Low,91
R1574,HP,42,Low,6
R1575,HP,52,Medium,208
R1576,DN,37,Medium,154
R1577,HN,47,Medium,297
R1578,CT,41,Medium,408
R1579,DN,60,High,107
R1580,HP,43,Low,28
R1581,CT,63,Low,372
R1582,HP,47,Low,216
R1583,CT,63,Medium,69
R1584,HN,40,High,453
R1585,DN,70,Low,213
R1586,CT,41,High,255
R1587,HCM,78,High,389
R1588,HCM,44,Low,121
R1589,CT,60,Low,120
R1590,CT,78,Medium,241
R1591,CT,58,High,482
R1592,HCM,55,Low,109
R1593,HCM,47,Medium,499
R1594,CT,61,Low,263
R1595,HP,51,Medium,50
R1596,HP,67,Medium,315
R1597,HN,46,Medium,335
R1598,DN,52,High,220
R1599,HP,53,High,474
R1600,HCM,79,High,452
R1601,HP,37,Low,496
R1602,HN,70,Medium,305
R1603,HN,35,Low,414
R1604,DN,34,Medium,337
R1605,HP,73,Medium,453
R1606,HCM,58,Medium,28
R1607,HCM,57,Medium,462
R1608,CT,40,High,39
R1609,HCM,30,Low,28
R1610,DN,72,Medium,32
R1611,DN,48,Low,488
R1612,HCM,38,Low,468
R1613,HCM,56,Low,492
R1614,CT,63,High,20
R1615,HCM,73,High,63
R1616,CT,33,High,469
R1617,CT,65,High,247
R1618,HCM,47,Low,442
R1619,HN,44,Low,211
R1620,HN,42,Medium,404
R1621,CT,48,Medium,275
R1622,HCM,78,Medium,253
R1623,HN,35,Low,486
R1624,HCM,77,Medium,271
R1625,HCM,41,Medium,197
R1626,HCM,66,Low,339
R1627,HP,46,Medium,222
R1628,HCM,52,Medium,119
R1629,HP,55,Medium,72
R1630,CT,58,Low,303
R1631,HN,62,Medium,329
R1632,HN,56,Low,487
R1633,HN,54,Low,401
R1634,HN,39,Medium,398
R1635,HN,76,Medium,79
R1636,HN,52,Low,470
R1637,HN,50,Medium,486
R1638,CT,50,Medium,107
R1639,HCM,72,Medium,301
R1640,DN,42,Medium,494
R1641,HP,66,Medium,182
R1642,DN,62,Medium,219
R1643,DN,53,Low,459
R1644,HCM,73,Low,319
R1645,HCM,40,Medium,43
R1646,HCM,46,Medium,263
R1647,HN,33,Medium,208
R1648,CT,76,Low,11
R1649,HN,54,Low,53
R1650,CT,59,Medium,30
R1651,CT,38,Low,165
R1652,DN,50,Medium,361
R1653,DN,49,Low,180
R1654,CT,48,Medium,83
R1655,CT,48,High,6
R1656,HN,41,Low,493
R1657,HN,66,Medium,387
R1658,DN,71,Low,459
R1659,HCM,46,Medium,420
R1660,CT,66,Medium,136
R1661,HN,77,Medium,280
R1662,DN,68,Medium,121
R1663,HN,57,High,168
R1664,CT,70,Low,292
R1665,CT,64,Low,32
R1666,HP,76,High,337
R1667,HCM,77,Medium,5
R1668,HP,47,High,192
R1669,DN,43,Medium,60
R1670,HN,64,High,39
R1671,DN,73,Medium,116
R1672,CT,70,Medium,290
R1673,HP,36,High,314
R1674,HP,70,Medium,40
R1675,HP,42,Low,443
R1676,DN,47,Low,221
R1677,CT,66,Low,84
R1678,HN,42,Low,318
R1679,HN,65,Low,87
R1680,DN,60,Medium,69
R1681,HP,31,Medium,329
R1682,HCM,45,Medium,132
R1683,DN,38,Medium,311
R1684,DN,38,Low,26
R1685,CT,67,Low,220
R1686,HN,40,Low,111
R1687,DN,51,Medium,113
R1688,DN,62,Low,376
R1689,HP,65,Low,361
R1690,HP,74,Medium,185
R1691,HCM,52,High,360
R1692,CT,74,Low,168
R1693,HCM,74,Medium,72
R1694,HP,63,Medium,296
R1695,HN,38,Medium,184
R1696,HP,53,High,185
R1697,CT,37,Low,470
R1698,HP,36,Low,438
R1699,CT,65,High,468
R1700,CT,47,Medium,173
R1701,CT,32,Medium,406
R1702,CT,57,Medium,26
R1703,CT,35,Medium,70
R1704,HN,73,High,25
R1705,HCM,73,High,104
R1706,DN,50,Medium,388
R1707,HCM,57,Low,304
R1708,CT,69,High,107
R1709,HN,30,Low,51
R1710,HP,65,Low,43
R1711,HN,50,High,289
R1712,CT,72,Low,314
R1713,HN,64,Low,94
R1714,HN,42,Low,89
R1715,CT,78,High,277
R1716,HN,39,Medium,340
R1717,DN,73,Medium,192
R1718,DN,76,Low,163
R1719,HN,39,Medium,247
R1720,HP,75,Medium,77
R1721,CT,42,Low,483
R1722,DN,66,Medium,466
R1723,HP,67,Low,53
R1724,HN,53,High,105
R1725,HP,31,Medium,6
R1726,HCM,51,High,248
R1727,DN,46,Low,180
R1728,HN,65,Medium,242
R1729,CT,43,Medium,402
R1730,HN,39,Medium,63
R1731,CT,64,High,357
R1732,HN,54,Low,103
R1733,HP,32,Low,446
R1734,HP,76,Medium,363
R1735,HP,67,Medium,446
R1736,HCM,46,Medium,499
R1737,CT,41,Low,439
R1738,HP,53,Medium,472
R1739,HCM,58,Low,6
R1740,CT,72,Medium,247
R1741,HN,54,Medium,301
R1742,HCM,65,Medium,215
R1743,DN,55,Low,127
R1744,HCM,67,Medium,233
R1745,HCM,30,Low,86
R1746,CT,49,Low,148
R1747,HN,57,Medium,392
R1748,DN,45,High,144
R1749,HP,76,Low,33
R1750,HP,46,Medium,395
R1751,HCM,69,High,274
R1752,CT,57,High,251
R1753,CT,41,Low,16
R1754,HP,56,High,359
R1755,DN,71,Low,393
R1756,HN,76,Low,341
R1757,DN,59,Low,110
R1758,HN,70,Medium,36
R1759,HP,63,Low,78
R1760,HN,66,Low,175
R1761,CT,35,Low,341
R1762,HCM,36,High,73
R1763,HCM,61,High,305
R1764,HP,61,Low,366
R1765,CT,54,High,141
R1766,DN,62,High,437
R1767,CT,36,Medium,421
R1768,HCM,41,Low,488
R1769,HCM,45,Medium,104
R1770,CT,45,High,150
R1771,CT,72,Medium,13
R1772,HCM,65,Low,66
R1773,DN,42,Medium,189
R1774,HP,36,Medium,33
R1775,HP,65,Medium,385
R1776,CT,76,Low,118
R1777,HP,38,Low,466
R1778,HCM,61,High,413
R1779,HCM,40,High,147
R1780,CT,37,Low,394
R1781,CT,62,High,124
R1782,CT,52,Low,174
R1783,DN,54,Medium,161
R1784,HP,37,Medium,339
R1785,CT,74,High,353
R1786,HN,51,High,264
R1787,HN,33,Low,86
R1788,HCM,69,High,246
R1789,HP,32,Low,445
R1790,CT,58,Medium,437
R1791,HN,70,Medium,176
R1792,HP,58,Medium,235
R1793,HCM,63,Low,212
R1794,DN,63,High,79
R1795,HP,57,Low,274
R1796,HP,42,Low,391
R1797,DN,44,Medium,118
R1798,HP,52,Medium,66
R1799,HCM,73,High,366
R1800,HCM,55,Low,324
R1801,DN,33,Low,106
R1802,CT,55,High,433
R1803,HN,69,Medium,366
R1804,CT,38,Low,214
R1805,HP,34,Medium,446
R1806,HN,61,Medium,259
R1807,DN,49,Medium,24
R1808,DN,79,Medium,62
R1809,HN,40,High,116
R1810,HCM,44,High,477
R1811,HN,61,Medium,317
R1812,HP,57,Low,490
R1813,HCM,51,High,465
R1814,DN,70,Medium,200
R1815,HN,46,Medium,379
R1816,CT,55,Low,466
R1817,CT,73,High,357
R1818,HP,36,Medium,96
R1819,CT,71,Low,56
R1820,HN,55,Medium,297
R1821,HN,54,High,12
R1822,CT,39,Low,304
R1823,HN,74,High,102
R1824,HP,48,Medium,240
R1825,HCM,40,Medium,393
R1826,HP,42,Low,378
R1827,HP,37,Low,73
R1828,HN,69,High,419
R1829,HCM,33,Low,49
R1830,HN,76,Medium,141
R1831,DN,60,Low,238
R1832,HN,57,Low,36
R1833,HN,40,Low,293
R1834,HN,72,Medium,130
R1835,HCM,30,High,71
R1836,HN,78,Low,34
R1837,HCM,76,Low,118
R1838,CT,67,Low,208
R1839,DN,53,Medium,33
R1840,HCM,76,Medium,135
R1841,CT,60,High,478
R1842,HCM,70,Medium,189
R1843,HCM,75,Medium,257
R1844,DN,79,Low,290
R1845,HP,55,High,397
R1846,HP,78,Low,414
R1847,HCM,79,Low,390
R1848,HN,34,Medium,66
R1849,CT,49,Medium,7
R1850,HN,70,Medium,434
R1851,HN,40,Medium,72
R1852,HCM,62,Medium,29
R1853,HCM,79,Low,183
R1854,HCM,67,High,145
R1855,HCM,56,Medium,235
R1856,HP,63,Medium,304
R1857,HCM,44,Medium,167
R1858,HP,61,Low,315
R1859,HP,50,Medium,475
R1860,HCM,75,Medium,397
R1861,DN,34,Low,134
R1862,CT,35,Medium,449
R1863,HN,67,High,250
R1864,HP,51,Medium,301
R1865,CT,47,High,176
R1866,DN,43,Low,68
R1867,HN,39,Low,35
R1868,HN,75,Low,496
R1869,HP,42,Medium,51
R1870,HCM,60,Low,134
R1871,DN,59,Low,356
R1872,HP,32,High,470
R1873,DN,59,High,337
R1874,HCM,35,Medium,114
R1875,HCM,58,Low,73
R1876,HP,37,Low,62
R1877,HCM,73,Low,110
R1878,CT,74,Medium,304
R1879,HN,72,High,334
R1880,HP,73,Medium,260
R1881,DN,62,Low,316
R1882,CT,46,Medium,175
R1883,HP,77,Low,387
R1884,HCM,40,Low,477
R1885,HCM,42,Medium,166
R1886,HCM,79,Medium,489
R1887,HCM,40,Low,290
R1888,DN,60,Low,75
R1889,CT,57,High,259
R1890,HN,73,Low,458
R1891,DN,35,Low,378
R1892,DN,70,Low,59
R1893,HN,45,Low,327
R1894,HN,33,Low,401
R1895,HCM,64,High,7
R1896,DN,77,Low,30
R1897,HP,55,Medium,317
R1898,HN,41,Medium,130
R1899,HN,40,Medium,412
R1900,CT,66,High,57
R1901,HP,54,High,202
R1902,HP,47,Low,303
R1903,HN,48,Medium,192
R1904,HCM,52,Medium,190
R1905,CT,67,High,309
R1906,HP,47,Medium,302
R1907,HN,55,High,208
R1908,HP,35,Medium,488
R1909,CT,33,Low,454
R1910,CT,73,Medium,15
R1911,DN,58,High,363
R1912,HN,63,High,358
R1913,CT,46,Low,478
R1914,DN,72,Medium,150
R1915,DN,72,Low,89
R1916,HP,45,Low,104
R1917,HP,31,Medium,108
R1918,DN,63,Low,440
R1919,HP,37,High,50
R1920,CT,42,Low,48
R1921,HCM,71,High,282
R1922,CT,37,Low,185
R1923,DN,59,Low,191
R1924,DN,61,Low,482
R1925,CT,65,Low,118
R1926,HP,76,Low,495
R1927,HP,59,Low,259
R1928,DN,30,Medium,385
R1929,HN,72,Low,384
R1930,HP,68,Medium,34
R1931,CT,46,Low,268
R1932,HP,49,High,102
R1933,CT,53,High,317
R1934,DN,79,Medium,371
R1935,HP,51,Low,333
R1936,CT,58,Low,119
R1937,DN,51,High,280
R1938,HN,73,Low,492
R1939,CT,38,Low,285
R1940,HN,66,Low,279
R1941,HN,39,Low,265
R1942,HCM,65,Low,335
R1943,HP,66,Medium,211
R1944,CT,57,Low,388
R1945,HN,57,Medium,332
R1946,HCM,71,Low,215
R1947,DN,72,Low,219
R1948,CT,50,High,415
R1949,HN,53,Low,44
R1950,HP,71,High,484
R1951,HCM,69,Medium,30
R1952,HN,31,Low,31
R1953,HP,37,High,194
R1954,HN,77,Low,87
R1955,CT,56,High,388
R1956,CT,51,Low,438
R1957,CT,66,High,174
R1958,HCM,56,Low,417
R1959,CT,58,Medium,171
R1960,HP,32,Medium,192
R1961,HN,73,High,173
R1962,DN,42,High,293
R1963,HP,74,High,471
R1964,HP,39,High,233
R1965,CT,65,Low,471
R1966,HCM,38,Low,101
R1967,HN,56,Low,371
R1968,HCM,63,Low,20
R1969,HN,30,Low,283
R1970,HN,61,Medium,139
R1971,HCM,54,Low,30
R1972,HP,58,Medium,356
R1973,HN,36,Low,16
R1974,HCM,78,Low,76
R1975,HN,32,Medium,137
R1976,DN,49,Medium,110
R1977,HP,49,Medium,224
R1978,CT,59,Medium,377
R1979,HN,64,Low,457
R1980,DN,64,Medium,181
R1981,CT,78,Low,286
R1982,CT,68,Low,137
R1983,HN,56,Medium,26
R1984,HCM,55,Low,467
R1985,HN,43,Low,273
R1986,DN,46,High,416
R1987,CT,47,High,165
R1988,HN,74,Low,111
R1989,HCM,58,Low,283
R1990,HN,49,Low,357
R1991,HP,56,Low,239
R1992,HCM,47,High,22
R1993,DN,33,Low,246
R1994,CT,30,Medium,121
R1995,HN,79,Low,290
R1996,HCM,30,High,286
R1997,HP,55,Low,148
R1998,HCM,74,Medium,209
R1999,HP,49,Low,43
R2000,DN,52,Medium,421
